"","scale_factor","section","user","system","total"
"1",0,0,0,0,0
"2",0.01,1,0.0770000000000008,0.001,0.260999999999996
"3",0.01,2,1.759,0.086,1.808
"4",0.01,3,1.836,0.087,2.069
"5",0.05,1,0.302,0.002,0.304000000000002
"6",0.05,2,5.728,2.393,4.259
"7",0.05,3,6.03,2.395,4.563
"8",0.1,1,1.108,0.02,1.128
"9",0.1,2,21.422,17.098,14.596
"10",0.1,3,22.53,17.118,15.724
"11",0.15,1,2.452,0.321999999999999,2.774
"12",0.15,2,47.859,36.657,32.965
"13",0.15,3,50.311,36.979,35.739
